{"train/loss": 0.657, "train/learning_rate": 1.6443812233285917e-05, "train/epoch": 0.18, "train/global_step": 500, "_timestamp": 1695991270.3758054, "_runtime": 886.6397724151611, "_step": 0}